7002,1699881922,7,0,11,1,IN_SERVICE
7008,1699881922,4,0,15,0,IN_SERVICE
7023,1699881922,7,1,3,0,IN_SERVICE
7058,1699881922,7,0,12,0,IN_SERVICE
7063,1699881922,4,0,19,0,IN_SERVICE
7066,1699881922,6,0,11,0,IN_SERVICE
7078,1699881922,10,0,2,2,IN_SERVICE
7155,1699881922,1,0,18,0,IN_SERVICE
7170,1699881922,3,0,12,0,IN_SERVICE
7190,1699881922,12,0,3,0,IN_SERVICE
7191,1699881922,4,1,6,0,IN_SERVICE
7195,1699881922,7,1,3,0,IN_SERVICE
7250,1699881922,4,0,12,0,IN_SERVICE
7252,1699881922,0,0,18,0,IN_SERVICE
7273,1699881922,1,1,17,1,IN_SERVICE
7274,1699881922,5,0,7,0,IN_SERVICE
7285,1699881922,16,0,20,0,IN_SERVICE
7335,1699881922,9,1,9,0,IN_SERVICE
7358,1699881922,3,0,14,0,IN_SERVICE
7457,1699881922,19,1,3,0,IN_SERVICE
7600,1699881922,5,0,15,0,IN_SERVICE
7667,1699881922,22,0,12,0,IN_SERVICE
7762,1699881922,8,0,5,0,IN_SERVICE
7002,1699882622,8,0,10,1,IN_SERVICE
7008,1699882622,4,0,15,0,IN_SERVICE
7023,1699882622,8,1,2,0,IN_SERVICE
7058,1699882622,9,0,10,0,IN_SERVICE
7063,1699882622,5,0,18,0,IN_SERVICE
7066,1699882622,7,0,10,0,IN_SERVICE
7078,1699882622,9,0,2,2,IN_SERVICE
7155,1699882622,1,0,18,0,IN_SERVICE
7170,1699882622,4,0,11,0,IN_SERVICE
7190,1699882622,11,0,4,0,IN_SERVICE
7191,1699882622,3,1,7,0,IN_SERVICE
7195,1699882622,7,1,3,0,IN_SERVICE
7250,1699882622,5,0,11,0,IN_SERVICE
7252,1699882622,0,0,18,0,IN_SERVICE
7273,1699882622,1,1,17,1,IN_SERVICE
7274,1699882622,5,0,7,0,IN_SERVICE
7285,1699882622,15,0,21,0,IN_SERVICE
7335,1699882622,11,1,7,0,IN_SERVICE
7358,1699882622,3,0,14,0,IN_SERVICE
7457,1699882622,20,1,2,0,IN_SERVICE
7600,1699882622,6,0,14,0,IN_SERVICE
7667,1699882622,24,0,10,0,IN_SERVICE
7762,1699882622,9,0,4,0,IN_SERVICE
7002,1699883345,7,0,11,1,IN_SERVICE
7008,1699883345,4,0,15,0,IN_SERVICE
7023,1699883345,7,1,3,0,IN_SERVICE
7058,1699883345,9,0,10,0,IN_SERVICE
7063,1699883345,6,0,17,0,IN_SERVICE
7066,1699883345,8,0,9,0,IN_SERVICE
7078,1699883345,7,0,4,2,IN_SERVICE
7155,1699883345,2,0,17,0,IN_SERVICE
7170,1699883345,3,0,12,0,IN_SERVICE
7190,1699883345,3,0,12,0,IN_SERVICE
7191,1699883345,2,1,8,0,IN_SERVICE
7195,1699883345,6,1,4,0,IN_SERVICE
7250,1699883345,7,0,9,0,IN_SERVICE
7252,1699883345,0,0,18,0,IN_SERVICE
7273,1699883345,2,1,16,1,IN_SERVICE
7274,1699883345,6,0,6,0,IN_SERVICE
7285,1699883345,12,0,24,0,IN_SERVICE
7335,1699883345,11,1,7,0,IN_SERVICE
7358,1699883345,6,0,11,0,IN_SERVICE
7457,1699883345,22,1,0,0,IN_SERVICE
7600,1699883345,9,0,11,0,IN_SERVICE
7667,1699883345,22,0,12,0,IN_SERVICE
7762,1699883345,11,0,2,0,IN_SERVICE
7002,1699884003,11,0,7,1,IN_SERVICE
7008,1699884003,4,1,14,0,IN_SERVICE
7023,1699884003,5,1,5,0,IN_SERVICE
7058,1699884003,11,0,8,0,IN_SERVICE
7063,1699884003,11,0,12,0,IN_SERVICE
7066,1699884003,9,0,8,0,IN_SERVICE
7078,1699884003,8,0,3,2,IN_SERVICE
7155,1699884003,4,0,15,0,IN_SERVICE
7170,1699884003,5,0,10,0,IN_SERVICE
7190,1699884003,6,0,9,0,IN_SERVICE
7191,1699884003,2,1,8,0,IN_SERVICE
7195,1699884003,5,1,5,0,IN_SERVICE
7250,1699884003,11,0,5,0,IN_SERVICE
7252,1699884003,0,0,18,0,IN_SERVICE
7273,1699884003,2,1,16,1,IN_SERVICE
7274,1699884003,6,0,6,0,IN_SERVICE
7285,1699884003,13,0,23,0,IN_SERVICE
7335,1699884003,10,1,8,0,IN_SERVICE
7358,1699884003,10,0,7,0,IN_SERVICE
7457,1699884003,22,1,0,0,IN_SERVICE
7600,1699884003,10,0,10,0,IN_SERVICE
7667,1699884003,21,0,13,0,IN_SERVICE
7762,1699884003,13,0,0,0,IN_SERVICE
7002,1699885545,9,0,9,1,IN_SERVICE
7008,1699885545,5,1,13,0,IN_SERVICE
7023,1699885545,4,1,6,0,IN_SERVICE
7058,1699885545,17,0,2,0,IN_SERVICE
7063,1699885545,15,0,8,0,IN_SERVICE
7066,1699885545,14,0,3,0,IN_SERVICE
7078,1699885545,8,0,3,2,IN_SERVICE
7155,1699885545,4,0,15,0,IN_SERVICE
7170,1699885545,10,0,5,0,IN_SERVICE
7190,1699885545,15,0,0,0,IN_SERVICE
7191,1699885545,2,1,8,0,IN_SERVICE
7195,1699885545,5,1,5,0,IN_SERVICE
7250,1699885545,15,0,1,0,IN_SERVICE
7252,1699885545,1,0,17,0,IN_SERVICE
7273,1699885545,2,1,16,1,IN_SERVICE
7274,1699885545,10,0,2,0,IN_SERVICE
7285,1699885545,11,0,25,0,IN_SERVICE
7335,1699885545,13,1,5,0,IN_SERVICE
7358,1699885545,15,0,1,1,IN_SERVICE
7457,1699885545,21,1,1,0,IN_SERVICE
7600,1699885545,16,0,4,0,IN_SERVICE
7667,1699885545,19,0,15,0,IN_SERVICE
7762,1699885545,13,0,0,0,IN_SERVICE
7002,1699886225,7,0,11,1,IN_SERVICE
7008,1699886225,7,1,11,0,IN_SERVICE
7023,1699886225,4,1,6,0,IN_SERVICE
7058,1699886225,19,0,0,0,IN_SERVICE
7063,1699886225,17,0,6,0,IN_SERVICE
7066,1699886225,15,0,2,0,IN_SERVICE
7078,1699886225,8,0,3,2,IN_SERVICE
7155,1699886225,3,0,16,0,IN_SERVICE
7170,1699886225,11,0,4,0,IN_SERVICE
7190,1699886225,15,0,0,0,IN_SERVICE
7191,1699886225,2,1,8,0,IN_SERVICE
7195,1699886225,5,1,5,0,IN_SERVICE
7250,1699886225,15,0,1,0,IN_SERVICE
7252,1699886225,1,0,17,0,IN_SERVICE
7273,1699886225,2,1,16,1,IN_SERVICE
7274,1699886225,10,0,2,0,IN_SERVICE
7285,1699886225,14,0,22,0,IN_SERVICE
7335,1699886225,13,1,5,0,IN_SERVICE
7358,1699886225,15,0,1,1,IN_SERVICE
7457,1699886225,21,1,1,0,IN_SERVICE
7600,1699886225,16,0,4,0,IN_SERVICE
7667,1699886225,17,0,17,0,IN_SERVICE
7762,1699886225,13,0,0,0,IN_SERVICE
7002,1699886942,8,0,10,1,IN_SERVICE
7008,1699886942,9,1,9,0,IN_SERVICE
7023,1699886942,3,1,7,0,IN_SERVICE
7058,1699886942,19,0,0,0,IN_SERVICE
7063,1699886942,17,0,6,0,IN_SERVICE
7066,1699886942,14,0,3,0,IN_SERVICE
7078,1699886942,6,0,5,2,IN_SERVICE
7155,1699886942,2,0,17,0,IN_SERVICE
7170,1699886942,12,0,3,0,IN_SERVICE
7190,1699886942,15,0,0,0,IN_SERVICE
7191,1699886942,1,1,9,0,IN_SERVICE
7195,1699886942,5,1,5,0,IN_SERVICE
7250,1699886942,16,0,0,0,IN_SERVICE
7252,1699886942,1,0,17,0,IN_SERVICE
7273,1699886942,2,1,16,1,IN_SERVICE
7274,1699886942,10,0,2,0,IN_SERVICE
7285,1699886942,17,0,19,0,IN_SERVICE
7335,1699886942,13,1,5,0,IN_SERVICE
7358,1699886942,16,0,0,1,IN_SERVICE
7457,1699886942,21,1,1,0,IN_SERVICE
7600,1699886942,18,0,2,0,IN_SERVICE
7667,1699886942,17,0,17,0,IN_SERVICE
7762,1699886942,13,0,0,0,IN_SERVICE
7002,1699887579,7,0,11,1,IN_SERVICE
7008,1699887579,11,1,7,0,IN_SERVICE
7023,1699887579,2,1,8,0,IN_SERVICE
7058,1699887579,18,0,1,0,IN_SERVICE
7063,1699887579,19,0,4,0,IN_SERVICE
7066,1699887579,15,0,2,0,IN_SERVICE
7078,1699887579,7,0,4,2,IN_SERVICE
7155,1699887579,2,0,17,0,IN_SERVICE
7170,1699887579,12,0,3,0,IN_SERVICE
7190,1699887579,15,0,0,0,IN_SERVICE
7191,1699887579,1,1,9,0,IN_SERVICE
7195,1699887579,5,1,5,0,IN_SERVICE
7250,1699887579,16,0,0,0,IN_SERVICE
7252,1699887579,1,0,17,0,IN_SERVICE
7273,1699887579,2,1,16,1,IN_SERVICE
7274,1699887579,9,0,3,0,IN_SERVICE
7285,1699887579,22,0,14,0,IN_SERVICE
7335,1699887579,14,1,4,0,IN_SERVICE
7358,1699887579,16,0,0,1,IN_SERVICE
7457,1699887579,22,1,0,0,IN_SERVICE
7600,1699887579,18,0,2,0,IN_SERVICE
7667,1699887579,17,0,17,0,IN_SERVICE
7762,1699887579,13,0,0,0,IN_SERVICE
7002,1699888982,16,0,2,1,IN_SERVICE
7008,1699888982,14,1,4,0,IN_SERVICE
7023,1699888982,3,1,7,0,IN_SERVICE
7058,1699888982,7,0,12,0,IN_SERVICE
7063,1699888982,23,0,0,0,IN_SERVICE
7066,1699888982,17,0,0,0,IN_SERVICE
7078,1699888982,6,0,5,2,IN_SERVICE
7155,1699888982,1,0,18,0,IN_SERVICE
7170,1699888982,12,0,3,0,IN_SERVICE
7190,1699888982,15,0,0,0,IN_SERVICE
7191,1699888982,0,1,10,0,IN_SERVICE
7195,1699888982,4,1,6,0,IN_SERVICE
7250,1699888982,16,0,0,0,IN_SERVICE
7252,1699888982,0,0,18,0,IN_SERVICE
7273,1699888982,2,1,16,1,IN_SERVICE
7274,1699888982,10,0,2,0,IN_SERVICE
7285,1699888982,29,0,7,0,IN_SERVICE
7335,1699888982,14,1,4,0,IN_SERVICE
7358,1699888982,5,0,11,0,IN_SERVICE
7457,1699888982,21,1,1,0,IN_SERVICE
7600,1699888982,19,0,0,0,IN_SERVICE
7667,1699888982,17,0,17,0,IN_SERVICE
7762,1699888982,13,0,0,0,IN_SERVICE
7002,1699889739,15,0,3,1,IN_SERVICE
7008,1699889739,16,1,2,0,IN_SERVICE
7023,1699889739,4,1,6,0,IN_SERVICE
7058,1699889739,2,0,17,0,IN_SERVICE
7063,1699889739,23,0,0,0,IN_SERVICE
7066,1699889739,17,0,0,0,IN_SERVICE
7078,1699889739,6,0,5,2,IN_SERVICE
7155,1699889739,1,0,18,0,IN_SERVICE
7170,1699889739,12,0,3,0,IN_SERVICE
7190,1699889739,15,0,0,0,IN_SERVICE
7191,1699889739,0,1,10,0,IN_SERVICE
7195,1699889739,1,1,9,0,IN_SERVICE
7250,1699889739,16,0,0,0,IN_SERVICE
7252,1699889739,0,0,18,0,IN_SERVICE
7273,1699889739,2,1,16,1,IN_SERVICE
7274,1699889739,10,0,2,0,IN_SERVICE
7285,1699889739,28,0,8,0,IN_SERVICE
7335,1699889739,14,1,4,0,IN_SERVICE
7358,1699889739,6,0,10,0,IN_SERVICE
7457,1699889739,21,1,1,0,IN_SERVICE
7600,1699889739,19,0,0,0,IN_SERVICE
7667,1699889739,19,0,15,0,IN_SERVICE
7762,1699889739,13,0,0,0,IN_SERVICE
7002,1699890385,13,0,5,1,IN_SERVICE
7008,1699890385,17,1,1,0,IN_SERVICE
7023,1699890385,3,1,7,0,IN_SERVICE
7058,1699890385,3,0,16,0,IN_SERVICE
7063,1699890385,23,0,0,0,IN_SERVICE
7066,1699890385,17,0,0,0,IN_SERVICE
7078,1699890385,6,0,5,2,IN_SERVICE
7155,1699890385,1,0,18,0,IN_SERVICE
7170,1699890385,12,0,3,0,IN_SERVICE
7190,1699890385,15,0,0,0,IN_SERVICE
7191,1699890385,0,1,10,0,IN_SERVICE
7195,1699890385,1,1,9,0,IN_SERVICE
7250,1699890385,16,0,0,0,IN_SERVICE
7252,1699890385,0,0,18,0,IN_SERVICE
7273,1699890385,3,1,15,1,IN_SERVICE
7274,1699890385,10,0,2,0,IN_SERVICE
7285,1699890385,29,0,7,0,IN_SERVICE
7335,1699890385,14,1,4,0,IN_SERVICE
7358,1699890385,6,0,10,0,IN_SERVICE
7457,1699890385,21,1,1,0,IN_SERVICE
7600,1699890385,19,0,0,0,IN_SERVICE
7667,1699890385,19,0,15,0,IN_SERVICE
7762,1699890385,13,0,0,0,IN_SERVICE
7002,1699891083,11,0,7,1,IN_SERVICE
7008,1699891083,17,1,1,0,IN_SERVICE
7023,1699891083,4,1,6,0,IN_SERVICE
7058,1699891083,5,0,14,0,IN_SERVICE
7063,1699891083,23,0,0,0,IN_SERVICE
7066,1699891083,17,0,0,0,IN_SERVICE
7078,1699891083,5,0,6,2,IN_SERVICE
7155,1699891083,0,0,19,0,IN_SERVICE
7170,1699891083,12,0,3,0,IN_SERVICE
7190,1699891083,15,0,0,0,IN_SERVICE
7191,1699891083,0,1,10,0,IN_SERVICE
7195,1699891083,2,1,8,0,IN_SERVICE
7250,1699891083,16,0,0,0,IN_SERVICE
7252,1699891083,0,0,18,0,IN_SERVICE
7273,1699891083,2,1,16,1,IN_SERVICE
7274,1699891083,10,0,2,0,IN_SERVICE
7285,1699891083,28,0,8,0,IN_SERVICE
7335,1699891083,14,1,4,0,IN_SERVICE
7358,1699891083,7,0,9,0,IN_SERVICE
7457,1699891083,21,1,1,0,IN_SERVICE
7600,1699891083,19,0,0,0,IN_SERVICE
7667,1699891083,18,0,16,0,IN_SERVICE
7762,1699891083,12,0,1,0,IN_SERVICE
7002,1699910302,6,2,10,0,IN_SERVICE
7008,1699910302,13,1,5,0,IN_SERVICE
7023,1699910302,3,1,7,0,IN_SERVICE
7058,1699910302,15,1,3,0,IN_SERVICE
7063,1699910302,13,0,10,0,IN_SERVICE
7066,1699910302,13,0,4,0,IN_SERVICE
7078,1699910302,3,0,9,2,IN_SERVICE
7155,1699910302,4,0,15,0,IN_SERVICE
7170,1699910302,12,0,3,0,IN_SERVICE
7190,1699910302,12,0,3,0,IN_SERVICE
7191,1699910302,0,1,10,0,IN_SERVICE
7195,1699910302,2,1,8,0,IN_SERVICE
7250,1699910302,7,0,9,0,IN_SERVICE
7252,1699910302,0,1,17,0,IN_SERVICE
7273,1699910302,0,1,18,1,IN_SERVICE
7274,1699910302,4,0,8,0,IN_SERVICE
7285,1699910302,26,0,10,0,IN_SERVICE
7335,1699910302,11,1,7,0,IN_SERVICE
7358,1699910302,8,0,8,0,IN_SERVICE
7457,1699910302,17,1,5,0,IN_SERVICE
7600,1699910302,14,0,6,0,IN_SERVICE
7667,1699910302,13,0,21,0,IN_SERVICE
7762,1699910302,7,1,6,0,IN_SERVICE
7002,1699910819,6,2,11,0,IN_SERVICE
7008,1699910819,14,1,4,0,IN_SERVICE
7023,1699910819,2,1,8,0,IN_SERVICE
7058,1699910819,14,1,4,0,IN_SERVICE
7063,1699910819,15,0,8,0,IN_SERVICE
7066,1699910819,12,0,5,0,IN_SERVICE
7078,1699910819,2,0,10,2,IN_SERVICE
7155,1699910819,4,0,15,0,IN_SERVICE
7170,1699910819,9,0,6,0,IN_SERVICE
7190,1699910819,12,0,3,0,IN_SERVICE
7191,1699910819,0,1,10,0,IN_SERVICE
7195,1699910819,2,1,8,0,IN_SERVICE
7250,1699910819,7,0,9,0,IN_SERVICE
7252,1699910819,0,1,17,0,IN_SERVICE
7273,1699910819,2,1,16,1,IN_SERVICE
7274,1699910819,4,0,8,0,IN_SERVICE
7285,1699910819,26,0,10,0,IN_SERVICE
7335,1699910819,12,1,6,0,IN_SERVICE
7358,1699910819,8,0,8,0,IN_SERVICE
7457,1699910819,15,1,7,0,IN_SERVICE
7600,1699910819,11,0,9,0,IN_SERVICE
7667,1699910819,12,0,22,0,IN_SERVICE
7762,1699910819,7,1,6,0,IN_SERVICE
7002,1699911382,6,2,11,0,IN_SERVICE
7008,1699911382,14,1,4,0,IN_SERVICE
7023,1699911382,3,1,7,0,IN_SERVICE
7058,1699911382,16,1,2,0,IN_SERVICE
7063,1699911382,15,0,8,0,IN_SERVICE
7066,1699911382,11,0,6,0,IN_SERVICE
7078,1699911382,2,0,10,2,IN_SERVICE
7155,1699911382,4,0,15,0,IN_SERVICE
7170,1699911382,9,0,6,0,IN_SERVICE
7190,1699911382,10,0,5,0,IN_SERVICE
7191,1699911382,1,1,9,0,IN_SERVICE
7195,1699911382,2,1,8,0,IN_SERVICE
7250,1699911382,6,0,10,0,IN_SERVICE
7252,1699911382,1,1,16,0,IN_SERVICE
7273,1699911382,2,1,16,1,IN_SERVICE
7274,1699911382,4,0,8,0,IN_SERVICE
7285,1699911382,27,0,9,0,IN_SERVICE
7335,1699911382,12,1,6,0,IN_SERVICE
7358,1699911382,8,0,8,0,IN_SERVICE
7457,1699911382,16,1,6,0,IN_SERVICE
7600,1699911382,8,0,12,0,IN_SERVICE
7667,1699911382,11,0,23,0,IN_SERVICE
7762,1699911382,6,1,6,0,IN_SERVICE
7002,1699911883,5,2,12,0,IN_SERVICE
7008,1699911883,13,1,5,0,IN_SERVICE
7023,1699911883,4,1,6,0,IN_SERVICE
7058,1699911883,15,1,3,0,IN_SERVICE
7063,1699911883,13,0,10,0,IN_SERVICE
7066,1699911883,9,0,8,0,IN_SERVICE
7078,1699911883,1,0,11,2,IN_SERVICE
7155,1699911883,2,0,17,0,IN_SERVICE
7170,1699911883,7,0,8,0,IN_SERVICE
7190,1699911883,8,0,7,0,IN_SERVICE
7191,1699911883,1,1,9,0,IN_SERVICE
7195,1699911883,2,1,8,0,IN_SERVICE
7250,1699911883,4,0,12,0,IN_SERVICE
7252,1699911883,2,1,15,0,IN_SERVICE
7273,1699911883,1,1,17,1,IN_SERVICE
7274,1699911883,4,0,8,0,IN_SERVICE
7285,1699911883,29,0,7,0,IN_SERVICE
7335,1699911883,11,1,7,0,IN_SERVICE
7358,1699911883,8,0,8,0,IN_SERVICE
7457,1699911883,13,1,9,0,IN_SERVICE
7600,1699911883,8,0,12,0,IN_SERVICE
7667,1699911883,11,0,23,0,IN_SERVICE
7762,1699911883,7,1,5,0,IN_SERVICE
7002,1699912423,4,2,13,0,IN_SERVICE
7008,1699912423,12,1,6,0,IN_SERVICE
7023,1699912423,4,1,6,0,IN_SERVICE
7058,1699912423,15,1,3,0,IN_SERVICE
7063,1699912423,14,0,9,0,IN_SERVICE
7066,1699912423,8,0,9,0,IN_SERVICE
7078,1699912423,1,0,11,2,IN_SERVICE
7155,1699912423,2,0,17,0,IN_SERVICE
7170,1699912423,7,0,8,0,IN_SERVICE
7190,1699912423,8,0,7,0,IN_SERVICE
7191,1699912423,1,1,9,0,IN_SERVICE
7195,1699912423,1,1,9,0,IN_SERVICE
7250,1699912423,4,0,12,0,IN_SERVICE
7252,1699912423,0,1,17,0,IN_SERVICE
7273,1699912423,1,1,17,1,IN_SERVICE
7274,1699912423,3,0,9,0,IN_SERVICE
7285,1699912423,29,0,7,0,IN_SERVICE
7335,1699912423,6,1,12,0,IN_SERVICE
7358,1699912423,9,0,7,0,IN_SERVICE
7457,1699912423,14,1,8,0,IN_SERVICE
7600,1699912423,8,0,12,0,IN_SERVICE
7667,1699912423,11,0,23,0,IN_SERVICE
7762,1699912423,7,1,5,0,IN_SERVICE
7002,1699913259,1,2,15,1,IN_SERVICE
7008,1699913259,11,1,7,0,IN_SERVICE
7023,1699913259,4,1,6,0,IN_SERVICE
7058,1699913259,14,1,4,0,IN_SERVICE
7063,1699913259,13,0,10,0,IN_SERVICE
7066,1699913259,3,0,14,0,IN_SERVICE
7078,1699913259,2,0,10,2,IN_SERVICE
7155,1699913259,2,0,17,0,IN_SERVICE
7170,1699913259,7,0,8,0,IN_SERVICE
7190,1699913259,7,0,8,0,IN_SERVICE
7191,1699913259,0,1,10,0,IN_SERVICE
7195,1699913259,0,1,10,0,IN_SERVICE
7250,1699913259,3,0,13,0,IN_SERVICE
7252,1699913259,0,1,17,0,IN_SERVICE
7273,1699913259,2,1,16,1,IN_SERVICE
7274,1699913259,2,0,10,0,IN_SERVICE
7285,1699913259,33,0,3,0,IN_SERVICE
7335,1699913259,7,1,11,0,IN_SERVICE
7358,1699913259,5,0,11,0,IN_SERVICE
7457,1699913259,15,1,7,0,IN_SERVICE
7600,1699913259,4,0,16,0,IN_SERVICE
7667,1699913259,11,0,23,0,IN_SERVICE
7762,1699913259,6,1,7,0,IN_SERVICE
7002,1699914284,5,2,11,1,IN_SERVICE
7008,1699914284,8,1,10,0,IN_SERVICE
7023,1699914284,3,1,7,0,IN_SERVICE
7058,1699914284,8,1,10,0,IN_SERVICE
7063,1699914284,13,0,10,0,IN_SERVICE
7066,1699914284,0,0,17,0,IN_SERVICE
7078,1699914284,0,0,12,2,IN_SERVICE
7155,1699914284,2,0,17,0,IN_SERVICE
7170,1699914284,5,0,10,0,IN_SERVICE
7190,1699914284,2,0,13,0,IN_SERVICE
7191,1699914284,1,1,9,0,IN_SERVICE
7195,1699914284,3,1,7,0,IN_SERVICE
7250,1699914284,0,0,16,0,IN_SERVICE
7252,1699914284,0,1,17,0,IN_SERVICE
7273,1699914284,3,1,15,1,IN_SERVICE
7274,1699914284,2,0,10,0,IN_SERVICE
7285,1699914284,32,0,4,0,IN_SERVICE
7335,1699914284,5,1,13,0,IN_SERVICE
7358,1699914284,2,0,15,0,IN_SERVICE
7457,1699914284,12,1,10,0,IN_SERVICE
7600,1699914284,0,0,20,0,IN_SERVICE
7667,1699914284,11,0,23,0,IN_SERVICE
7762,1699914284,2,1,11,0,IN_SERVICE
7002,1699914804,5,2,11,1,IN_SERVICE
7008,1699914804,8,1,10,0,IN_SERVICE
7023,1699914804,4,1,6,0,IN_SERVICE
7058,1699914804,5,1,13,0,IN_SERVICE
7063,1699914804,14,0,9,0,IN_SERVICE
7066,1699914804,1,0,16,0,IN_SERVICE
7078,1699914804,0,0,12,2,IN_SERVICE
7155,1699914804,1,0,18,0,IN_SERVICE
7170,1699914804,3,0,12,0,IN_SERVICE
7190,1699914804,1,0,14,0,IN_SERVICE
7191,1699914804,2,1,8,0,IN_SERVICE
7195,1699914804,2,1,8,0,IN_SERVICE
7250,1699914804,2,0,14,0,IN_SERVICE
7252,1699914804,0,1,17,0,IN_SERVICE
7273,1699914804,2,1,16,1,IN_SERVICE
7274,1699914804,2,0,10,0,IN_SERVICE
7285,1699914804,34,0,2,0,IN_SERVICE
7335,1699914804,5,1,13,0,IN_SERVICE
7358,1699914804,0,0,17,0,IN_SERVICE
7457,1699914804,12,1,10,0,IN_SERVICE
7600,1699914804,0,0,20,0,IN_SERVICE
7667,1699914804,10,0,24,0,IN_SERVICE
7762,1699914804,2,1,11,0,IN_SERVICE
7002,1699915345,7,2,9,1,IN_SERVICE
7008,1699915345,8,1,10,0,IN_SERVICE
7023,1699915345,4,1,6,0,IN_SERVICE
7058,1699915345,5,1,13,0,IN_SERVICE
7063,1699915345,12,0,11,0,IN_SERVICE
7066,1699915345,6,0,11,0,IN_SERVICE
7078,1699915345,0,0,12,2,IN_SERVICE
7155,1699915345,0,0,19,0,IN_SERVICE
7170,1699915345,2,0,13,0,IN_SERVICE
7190,1699915345,2,0,13,0,IN_SERVICE
7191,1699915345,3,1,7,0,IN_SERVICE
7195,1699915345,2,1,8,0,IN_SERVICE
7250,1699915345,1,0,15,0,IN_SERVICE
7252,1699915345,0,1,17,0,IN_SERVICE
7273,1699915345,2,1,16,1,IN_SERVICE
7274,1699915345,1,0,11,0,IN_SERVICE
7285,1699915345,32,0,4,0,IN_SERVICE
7335,1699915345,7,1,11,0,IN_SERVICE
7358,1699915345,0,0,17,0,IN_SERVICE
7457,1699915345,12,1,10,0,IN_SERVICE
7600,1699915345,0,0,20,0,IN_SERVICE
7667,1699915345,10,0,24,0,IN_SERVICE
7762,1699915345,1,1,12,0,IN_SERVICE
7002,1699915865,7,2,9,1,IN_SERVICE
7008,1699915865,8,1,10,0,IN_SERVICE
7023,1699915865,3,1,7,0,IN_SERVICE
7058,1699915865,5,1,13,0,IN_SERVICE
7063,1699915865,12,0,11,0,IN_SERVICE
7066,1699915865,17,0,0,0,IN_SERVICE
7078,1699915865,1,0,11,2,IN_SERVICE
7155,1699915865,0,0,19,0,IN_SERVICE
7170,1699915865,2,0,13,0,IN_SERVICE
7190,1699915865,0,0,15,0,IN_SERVICE
7191,1699915865,4,1,6,0,IN_SERVICE
7195,1699915865,4,1,6,0,IN_SERVICE
7250,1699915865,2,0,14,0,IN_SERVICE
7252,1699915865,1,1,16,0,IN_SERVICE
7273,1699915865,2,1,16,1,IN_SERVICE
7274,1699915865,2,0,10,0,IN_SERVICE
7285,1699915865,31,0,5,0,IN_SERVICE
7335,1699915865,6,1,12,0,IN_SERVICE
7358,1699915865,0,0,17,0,IN_SERVICE
7457,1699915865,9,1,13,0,IN_SERVICE
7600,1699915865,0,0,20,0,IN_SERVICE
7667,1699915865,10,0,24,0,IN_SERVICE
7762,1699915865,1,1,12,0,IN_SERVICE
7002,1699916383,7,2,9,1,IN_SERVICE
7008,1699916383,9,1,9,0,IN_SERVICE
7023,1699916383,3,1,7,0,IN_SERVICE
7058,1699916383,6,1,12,0,IN_SERVICE
7063,1699916383,14,0,9,0,IN_SERVICE
7066,1699916383,16,0,1,0,IN_SERVICE
7078,1699916383,2,0,10,2,IN_SERVICE
7155,1699916383,0,0,19,0,IN_SERVICE
7170,1699916383,2,0,13,0,IN_SERVICE
7190,1699916383,1,0,14,0,IN_SERVICE
7191,1699916383,6,1,4,0,IN_SERVICE
7195,1699916383,4,1,6,0,IN_SERVICE
7250,1699916383,5,0,11,0,IN_SERVICE
7252,1699916383,1,1,16,0,IN_SERVICE
7273,1699916383,4,1,14,1,IN_SERVICE
7274,1699916383,2,0,10,0,IN_SERVICE
7285,1699916383,34,0,2,0,IN_SERVICE
7335,1699916383,5,1,13,0,IN_SERVICE
7358,1699916383,0,0,17,0,IN_SERVICE
7457,1699916383,9,1,13,0,IN_SERVICE
7600,1699916383,1,0,19,0,IN_SERVICE
7667,1699916383,10,0,24,0,IN_SERVICE
7762,1699916383,2,1,11,0,IN_SERVICE
7002,1699917643,5,2,11,1,IN_SERVICE
7008,1699917643,9,1,9,0,IN_SERVICE
7023,1699917643,3,1,7,0,IN_SERVICE
7058,1699917643,9,1,9,0,IN_SERVICE
7063,1699917643,13,0,10,0,IN_SERVICE
7066,1699917643,16,0,1,0,IN_SERVICE
7078,1699917643,0,0,12,2,IN_SERVICE
7155,1699917643,2,0,17,0,IN_SERVICE
7170,1699917643,2,0,13,0,IN_SERVICE
7190,1699917643,1,0,14,0,IN_SERVICE
7191,1699917643,7,1,3,0,IN_SERVICE
7195,1699917643,5,1,5,0,IN_SERVICE
7250,1699917643,2,0,14,0,IN_SERVICE
7252,1699917643,2,1,15,0,IN_SERVICE
7273,1699917643,1,1,17,1,IN_SERVICE
7274,1699917643,2,0,10,0,IN_SERVICE
7285,1699917643,32,0,4,0,IN_SERVICE
7335,1699917643,4,1,14,0,IN_SERVICE
7358,1699917643,0,0,17,0,IN_SERVICE
7457,1699917643,5,1,17,0,IN_SERVICE
7600,1699917643,3,0,17,0,IN_SERVICE
7667,1699917643,9,0,25,0,IN_SERVICE
7762,1699917643,1,1,12,0,IN_SERVICE
7002,1699918142,5,2,11,1,IN_SERVICE
7008,1699918142,8,1,10,0,IN_SERVICE
7023,1699918142,3,1,7,0,IN_SERVICE
7058,1699918142,6,1,12,0,IN_SERVICE
7063,1699918142,12,0,11,0,IN_SERVICE
7066,1699918142,15,0,2,0,IN_SERVICE
7078,1699918142,0,0,12,2,IN_SERVICE
7155,1699918142,5,0,14,0,IN_SERVICE
7170,1699918142,2,0,13,0,IN_SERVICE
7190,1699918142,1,0,14,0,IN_SERVICE
7191,1699918142,7,1,3,0,IN_SERVICE
7195,1699918142,4,1,6,0,IN_SERVICE
7250,1699918142,0,0,16,0,IN_SERVICE
7252,1699918142,3,1,14,0,IN_SERVICE
7273,1699918142,2,1,16,1,IN_SERVICE
7274,1699918142,2,0,10,0,IN_SERVICE
7285,1699918142,30,0,6,0,IN_SERVICE
7335,1699918142,4,1,14,0,IN_SERVICE
7358,1699918142,0,0,17,0,IN_SERVICE
7457,1699918142,5,1,17,0,IN_SERVICE
7600,1699918142,3,0,17,0,IN_SERVICE
7667,1699918142,9,0,25,0,IN_SERVICE
7762,1699918142,1,1,12,0,IN_SERVICE
7002,1699918659,5,2,11,1,IN_SERVICE
7008,1699918659,8,1,10,0,IN_SERVICE
7023,1699918659,5,1,5,0,IN_SERVICE
7058,1699918659,6,1,12,0,IN_SERVICE
7063,1699918659,12,0,11,0,IN_SERVICE
7066,1699918659,14,0,3,0,IN_SERVICE
7078,1699918659,0,0,12,2,IN_SERVICE
7155,1699918659,6,0,13,0,IN_SERVICE
7170,1699918659,1,0,14,0,IN_SERVICE
7190,1699918659,2,0,13,0,IN_SERVICE
7191,1699918659,7,1,3,0,IN_SERVICE
7195,1699918659,5,1,5,0,IN_SERVICE
7250,1699918659,0,0,16,0,IN_SERVICE
7252,1699918659,4,1,13,0,IN_SERVICE
7273,1699918659,2,1,16,1,IN_SERVICE
7274,1699918659,2,0,10,0,IN_SERVICE
7285,1699918659,28,0,8,0,IN_SERVICE
7335,1699918659,4,1,14,0,IN_SERVICE
7358,1699918659,0,0,17,0,IN_SERVICE
7457,1699918659,5,1,17,0,IN_SERVICE
7600,1699918659,2,0,18,0,IN_SERVICE
7667,1699918659,10,0,24,0,IN_SERVICE
7762,1699918659,2,1,11,0,IN_SERVICE
7002,1699919185,3,2,13,1,IN_SERVICE
7008,1699919185,8,1,10,0,IN_SERVICE
7023,1699919185,6,1,4,0,IN_SERVICE
7058,1699919185,7,1,11,0,IN_SERVICE
7063,1699919185,13,0,10,0,IN_SERVICE
7066,1699919185,13,0,4,0,IN_SERVICE
7078,1699919185,0,0,12,2,IN_SERVICE
7155,1699919185,6,0,13,0,IN_SERVICE
7170,1699919185,2,0,13,0,IN_SERVICE
7190,1699919185,1,0,14,0,IN_SERVICE
7191,1699919185,6,1,4,0,IN_SERVICE
7195,1699919185,5,1,5,0,IN_SERVICE
7250,1699919185,0,0,16,0,IN_SERVICE
7252,1699919185,6,1,11,0,IN_SERVICE
7273,1699919185,2,1,16,1,IN_SERVICE
7274,1699919185,2,0,10,0,IN_SERVICE
7285,1699919185,25,0,11,0,IN_SERVICE
7335,1699919185,2,1,16,0,IN_SERVICE
7358,1699919185,0,0,17,0,IN_SERVICE
7457,1699919185,5,1,17,0,IN_SERVICE
7600,1699919185,1,0,19,0,IN_SERVICE
7667,1699919185,10,0,24,0,IN_SERVICE
7762,1699919185,2,1,11,0,IN_SERVICE
7002,1699919683,3,2,13,1,IN_SERVICE
7008,1699919683,8,1,10,0,IN_SERVICE
7023,1699919683,5,1,5,0,IN_SERVICE
7058,1699919683,6,1,12,0,IN_SERVICE
7063,1699919683,15,0,8,0,IN_SERVICE
7066,1699919683,11,0,6,0,IN_SERVICE
7078,1699919683,1,0,11,2,IN_SERVICE
7155,1699919683,6,0,13,0,IN_SERVICE
7170,1699919683,2,0,13,0,IN_SERVICE
7190,1699919683,2,0,13,0,IN_SERVICE
7191,1699919683,6,1,4,0,IN_SERVICE
7195,1699919683,3,1,7,0,IN_SERVICE
7250,1699919683,0,0,16,0,IN_SERVICE
7252,1699919683,8,1,9,0,IN_SERVICE
7273,1699919683,1,1,17,1,IN_SERVICE
7274,1699919683,2,0,10,0,IN_SERVICE
7285,1699919683,25,0,10,0,IN_SERVICE
7335,1699919683,2,1,16,0,IN_SERVICE
7358,1699919683,0,0,17,0,IN_SERVICE
7457,1699919683,4,1,18,0,IN_SERVICE
7600,1699919683,1,0,19,0,IN_SERVICE
7667,1699919683,10,0,24,0,IN_SERVICE
7762,1699919683,2,1,11,0,IN_SERVICE
7002,1699922743,2,2,14,1,IN_SERVICE
7008,1699922743,7,1,11,0,IN_SERVICE
7023,1699922743,5,1,5,0,IN_SERVICE
7058,1699922743,2,1,16,0,IN_SERVICE
7063,1699922743,15,0,8,0,IN_SERVICE
7066,1699922743,0,0,17,0,IN_SERVICE
7078,1699922743,1,0,11,2,IN_SERVICE
7155,1699922743,6,0,13,0,IN_SERVICE
7170,1699922743,1,0,14,0,IN_SERVICE
7190,1699922743,1,0,14,0,IN_SERVICE
7191,1699922743,10,1,0,0,IN_SERVICE
7195,1699922743,2,1,8,0,IN_SERVICE
7250,1699922743,0,0,16,0,IN_SERVICE
7252,1699922743,8,1,9,0,IN_SERVICE
7273,1699922743,0,1,18,1,IN_SERVICE
7274,1699922743,1,0,11,0,IN_SERVICE
7285,1699922743,27,0,8,0,IN_SERVICE
7335,1699922743,2,1,16,0,IN_SERVICE
7358,1699922743,0,0,17,0,IN_SERVICE
7457,1699922743,3,1,19,0,IN_SERVICE
7600,1699922743,0,0,20,0,IN_SERVICE
7667,1699922743,9,0,25,0,IN_SERVICE
7762,1699922743,1,1,12,0,IN_SERVICE
